epoch,steps,Pearson_Correlation,Spearman_Correlation
0,-1,0.8720663738690031,0.8699687447355783
1,-1,0.8785734128171219,0.8771245093375897
2,-1,0.8795445292536248,0.8769031783343999
3,-1,0.8782580166799894,0.8758824801229229
